"code","name","region","population"
"AFG","Afghanistan","Southern and Central Asia","22720000"
"ARM","Armenia","Middle East","3520000"
"AZE","Azerbaijan","Middle East","7734000"
"BHR","Bahrain","Middle East","617000"
"BGD","Bangladesh","Southern and Central Asia","129155000"
"BTN","Bhutan","Southern and Central Asia","2124000"
"BRN","Brunei","Southeast Asia","328000"
"KHM","Cambodia","Southeast Asia","11168000"
"CHN","China","Eastern Asia","1277558000"
"CYP","Cyprus","Middle East","754700"
"TMP","East Timor","Southeast Asia","885000"
"GEO","Georgia","Middle East","4968000"
"HKG","Hong Kong","Eastern Asia","6782000"
"IND","India","Southern and Central Asia","1013662000"
"IDN","Indonesia","Southeast Asia","212107000"
"IRN","Iran","Southern and Central Asia","67702000"
"IRQ","Iraq","Middle East","23115000"
"ISR","Israel","Middle East","6217000"
"JPN","Japan","Eastern Asia","126714000"
"JOR","Jordan","Middle East","5083000"
"KAZ","Kazakstan","Southern and Central Asia","16223000"
"KWT","Kuwait","Middle East","1972000"
"KGZ","Kyrgyzstan","Southern and Central Asia","4699000"
"LAO","Laos","Southeast Asia","5433000"
"LBN","Lebanon","Middle East","3282000"
"MAC","Macao","Eastern Asia","473000"
"MYS","Malaysia","Southeast Asia","22244000"
"MDV","Maldives","Southern and Central Asia","286000"
"MNG","Mongolia","Eastern Asia","2662000"
"MMR","Myanmar","Southeast Asia","45611000"
"NPL","Nepal","Southern and Central Asia","23930000"
"PRK","North Korea","Eastern Asia","24039000"
"OMN","Oman","Middle East","2542000"
"PAK","Pakistan","Southern and Central Asia","156483000"
"PSE","Palestine","Middle East","3101000"
"PHL","Philippines","Southeast Asia","75967000"
"QAT","Qatar","Middle East","599000"
"SAU","Saudi Arabia","Middle East","21607000"
"SGP","Singapore","Southeast Asia","3567000"
"KOR","South Korea","Eastern Asia","46844000"
"LKA","Sri Lanka","Southern and Central Asia","18827000"
"SYR","Syria","Middle East","16125000"
"TWN","Taiwan","Eastern Asia","22256000"
"TJK","Tajikistan","Southern and Central Asia","6188000"
"THA","Thailand","Southeast Asia","61399000"
"TUR","Turkey","Middle East","66591000"
"TKM","Turkmenistan","Southern and Central Asia","4459000"
"ARE","United Arab Emirates","Middle East","2441000"
"UZB","Uzbekistan","Southern and Central Asia","24318000"
"VNM","Vietnam","Southeast Asia","79832000"
"YEM","Yemen","Middle East","18112000"
