Code,Name,Continent,Region,Population,Capital
CHN,China,Asia,Eastern Asia,1277558000,Peking
IND,India,Asia,Southern and Central Asia,1013662000,New Delhi
IDN,Indonesia,Asia,Southeast Asia,212107000,Jakarta
PAK,Pakistan,Asia,Southern and Central Asia,156483000,Islamabad
BGD,Bangladesh,Asia,Southern and Central Asia,129155000,Dhaka
JPN,Japan,Asia,Eastern Asia,126714000,Tokyo
VNM,Vietnam,Asia,Southeast Asia,79832000,Hanoi
PHL,Philippines,Asia,Southeast Asia,75967000,Manila
IRN,Iran,Asia,Southern and Central Asia,67702000,Teheran
TUR,Turkey,Asia,Middle East,66591000,Ankara
THA,Thailand,Asia,Southeast Asia,61399000,Bangkok
KOR,South Korea,Asia,Eastern Asia,46844000,Seoul
MMR,Myanmar,Asia,Southeast Asia,45611000,Rangoon (Yangon)
UZB,Uzbekistan,Asia,Southern and Central Asia,24318000,Toskent
PRK,North Korea,Asia,Eastern Asia,24039000,Pyongyang
NPL,Nepal,Asia,Southern and Central Asia,23930000,Kathmandu
IRQ,Iraq,Asia,Middle East,23115000,Baghdad
AFG,Afghanistan,Asia,Southern and Central Asia,22720000,Kabul
TWN,Taiwan,Asia,Eastern Asia,22256000,Taipei
MYS,Malaysia,Asia,Southeast Asia,22244000,Kuala Lumpur
SAU,Saudi Arabia,Asia,Middle East,21607000,Riyadh
LKA,Sri Lanka,Asia,Southern and Central Asia,18827000,Colombo
YEM,Yemen,Asia,Middle East,18112000,Sanaa
KAZ,Kazakstan,Asia,Southern and Central Asia,16223000,Astana
SYR,Syria,Asia,Middle East,16125000,Damascus
KHM,Cambodia,Asia,Southeast Asia,11168000,Phnom Penh
AZE,Azerbaijan,Asia,Middle East,7734000,Bakı
HKG,Hong Kong,Asia,Eastern Asia,6782000,Victoria
ISR,Israel,Asia,Middle East,6217000,Jerusalem
TJK,Tajikistan,Asia,Southern and Central Asia,6188000,Dushanbe
LAO,Laos,Asia,Southeast Asia,5433000,Vientiane
JOR,Jordan,Asia,Middle East,5083000,Amman
GEO,Georgia,Asia,Middle East,4968000,Tbilisi
KGZ,Kyrgyzstan,Asia,Southern and Central Asia,4699000,Bishkek
TKM,Turkmenistan,Asia,Southern and Central Asia,4459000,Ashgabat
SGP,Singapore,Asia,Southeast Asia,3567000,Singapore
ARM,Armenia,Asia,Middle East,3520000,Yerevan
LBN,Lebanon,Asia,Middle East,3282000,Beirut
PSE,Palestine,Asia,Middle East,3101000,Gaza
MNG,Mongolia,Asia,Eastern Asia,2662000,Ulan Bator
OMN,Oman,Asia,Middle East,2542000,Masqat
ARE,United Arab Emirates,Asia,Middle East,2441000,Abu Dhabi
BTN,Bhutan,Asia,Southern and Central Asia,2124000,Thimphu
KWT,Kuwait,Asia,Middle East,1972000,Kuwait
TMP,East Timor,Asia,Southeast Asia,885000,Dili
CYP,Cyprus,Asia,Middle East,754700,Nicosia
BHR,Bahrain,Asia,Middle East,617000,al-Manama
QAT,Qatar,Asia,Middle East,599000,Doha
MAC,Macao,Asia,Eastern Asia,473000,Macao
BRN,Brunei,Asia,Southeast Asia,328000,Bandar Seri Begawan
MDV,Maldives,Asia,Southern and Central Asia,286000,Male
